Date,Po,P,U;;;;
2018-08-31,736.4,767.9,88;;;;
2018-08-31,735.2,766.4,83;;;;
2018-08-31,734.8,765.9,80;;;;
2018-08-31,733.9,764.8,83;;;;
2018-08-31,732.9,763.9,99;;;;
2018-08-31,732.8,764.1,85;;;;
2018-08-31,733.6,764.8,85;;;;
2018-08-31,734.5,765.7,82;;;;
2018-08-30,734.8,765.3,63;;;;
2018-08-30,734.5,764.8,42;;;;
2018-08-30,735.1,765.5,48;;;;
2018-08-30,735.4,766.0,62;;;;
2018-08-30,735.4,766.6,85;;;;
2018-08-30,735.1,766.7,100;;;;
2018-08-30,734.7,766.1,92;;;;
2018-08-30,734.5,765.7,88;;;;
2018-08-29,734.2,765.1,82;;;;
2018-08-29,733.1,763.6,54;;;;
2018-08-29,732.6,763.0,56;;;;
2018-08-29,732.3,763.0,68;;;;
2018-08-29,731.6,762.5,87;;;;
2018-08-29,730.9,761.9,94;;;;
2018-08-29,730.6,761.6,94;;;;
2018-08-29,730.5,761.3,96;;;;
2018-08-28,730.3,760.9,81;;;;
2018-08-28,729.3,759.4,62;;;;
2018-08-28,729.6,759.9,67;;;;
2018-08-28,729.6,760.1,79;;;;
2018-08-28,729.4,760.1,90;;;;
2018-08-28,728.7,759.7,100;;;;
2018-08-28,728.2,759.3,100;;;;
2018-08-28,728.1,758.8,82;;;;
2018-08-27,727.7,758.2,83;;;;
2018-08-27,727.0,757.2,64;;;;
2018-08-27,726.6,757.0,77;;;;
2018-08-27,726.2,756.9,87;;;;
2018-08-27,725.6,756.5,91;;;;
2018-08-27,724.7,755.8,95;;;;
2018-08-27,724.5,755.5,92;;;;
2018-08-27,724.5,755.4,85;;;;
2018-08-26,724.3,755.1,79;;;;
2018-08-26,723.6,753.9,60;;;;
2018-08-26,723.0,753.3,56;;;;
2018-08-26,722.8,753.4,76;;;;
2018-08-26,722.9,753.6,88;;;;
2018-08-26,722.5,753.3,96;;;;
2018-08-26,722.8,753.7,97;;;;
2018-08-26,723.1,753.9,89;;;;
2018-08-25,723.7,754.5,86;;;;
2018-08-25,723.6,754.0,63;;;;
2018-08-25,723.5,754.2,85;;;;
2018-08-25,723.1,753.7,85;;;;
2018-08-25,722.9,753.7,92;;;;
2018-08-25,722.3,753.1,96;;;;
2018-08-25,722.1,752.7,91;;;;
2018-08-25,722.3,752.9,88;;;;
2018-08-24,723.0,753.4,92;;;;
2018-08-24,723.0,753.1,64;;;;
2018-08-24,722.1,751.4,40;;;;
2018-08-24,722.9,752.6,60;;;;
2018-08-24,723.7,753.7,58;;;;
2018-08-24,723.5,753.5,50;;;;
2018-08-24,724.6,754.6,53;;;;
2018-08-24,725.5,755.5,51;;;;
2018-08-23,725.8,755.2,40;;;;
2018-08-23,725.8,754.8,42;;;;
2018-08-23,726.0,755.2,40;;;;
2018-08-23,726.7,756.2,67;;;;
2018-08-23,726.4,756.7,89;;;;
2018-08-23,726.4,756.9,85;;;;
2018-08-23,726.4,756.8,80;;;;
2018-08-23,726.7,756.9,80;;;;
2018-08-22,726.8,756.9,67;;;;
2018-08-22,726.1,755.8,51;;;;
2018-08-22,726.1,755.9,47;;;;
2018-08-22,726.2,756.4,55;;;;
2018-08-22,726.1,756.8,78;;;;
2018-08-22,724.8,755.6,80;;;;
2018-08-22,723.7,754.2,70;;;;
2018-08-22,723.2,753.8,80;;;;
2018-08-21,722.4,753.0,80;;;;
2018-08-21,722.0,752.9,97;;;;
2018-08-21,722.4,753.4,97;;;;
2018-08-21,721.6,752.1,84;;;;
2018-08-21,721.0,751.8,99;;;;
2018-08-21,720.1,750.7,96;;;;
2018-08-21,718.8,749.3,97;;;;
2018-08-21,718.4,748.6,98;;;;
2018-08-20,719.9,750.0,97;;;;
2018-08-20,720.4,750.0,80;;;;
2018-08-20,720.7,750.3,77;;;;
2018-08-20,720.9,750.8,86;;;;
2018-08-20,721.5,751.5,90;;;;
2018-08-20,721.3,751.4,91;;;;
2018-08-20,721.7,751.9,99;;;;
2018-08-20,722.5,752.5,89;;;;
2018-08-19,724.0,753.6,82;;;;
2018-08-19,722.9,752.3,62;;;;
2018-08-19,723.9,753.4,64;;;;
2018-08-19,724.2,753.7,54;;;;
2018-08-19,725.2,755.5,77;;;;
2018-08-19,725.2,755.6,81;;;;
2018-08-19,725.6,755.5,65;;;;
2018-08-19,726.2,756.1,60;;;;
2018-08-18,726.5,755.9,45;;;;
2018-08-18,726.7,755.8,30;;;;
2018-08-18,727.4,756.6,36;;;;
2018-08-18,728.7,758.2,44;;;;
2018-08-18,729.3,759.4,62;;;;
2018-08-18,729.3,759.9,84;;;;
2018-08-18,729.3,759.6,71;;;;
2018-08-18,729.7,760.0,73;;;;
2018-08-17,729.9,759.9,58;;;;
2018-08-17,729.5,759.1,43;;;;
2018-08-17,729.9,759.6,50;;;;
2018-08-17,730.4,760.4,65;;;;
2018-08-17,730.0,760.3,79;;;;
2018-08-17,728.8,759.5,92;;;;
2018-08-17,728.0,758.7,90;;;;
2018-08-17,728.0,758.5,77;;;;
2018-08-16,725.3,755.3,65;;;;
2018-08-16,726.6,756.7,71;;;;
2018-08-16,725.9,755.4,52;;;;
2018-08-16,726.1,755.7,46;;;;
2018-08-16,726.0,755.9,67;;;;
2018-08-16,725.6,755.4,57;;;;
2018-08-16,726.4,756.3,53;;;;
2018-08-16,726.4,756.2,48;;;;
2018-08-15,726.5,755.8,31;;;;
2018-08-15,726.7,755.8,22;;;;
2018-08-15,727.3,756.3,27;;;;
2018-08-15,727.9,757.3,46;;;;
2018-08-15,728.8,758.8,47;;;;
2018-08-15,729.2,759.5,48;;;;
2018-08-15,729.8,760.0,48;;;;
2018-08-15,730.6,760.5,45;;;;
2018-08-14,731.2,760.7,35;;;;
2018-08-14,731.2,760.5,31;;;;
2018-08-14,732.1,761.5,22;;;;
2018-08-14,733.0,762.7,33;;;;
2018-08-14,733.5,763.9,47;;;;
2018-08-14,733.0,763.6,71;;;;
2018-08-14,732.2,762.7,59;;;;
2018-08-14,732.2,762.4,48;;;;
2018-08-13,731.9,762.0,49;;;;
2018-08-13,731.4,761.0,30;;;;
2018-08-13,731.5,761.2,31;;;;
2018-08-13,731.9,762.0,47;;;;
2018-08-13,728.7,759.2,49;;;;
2018-08-13,727.4,757.6,37;;;;
2018-08-13,728.7,759.2,49;;;;
2018-08-13,729.4,760.5,72;;;;
2018-08-12,728.7,759.2,49;;;;
2018-08-12,727.4,757.6,37;;;;
2018-08-12,726.2,756.4,39;;;;
2018-08-12,725.4,755.7,49;;;;
2018-08-12,724.6,755.2,73;;;;
2018-08-12,723.1,753.8,96;;;;
2018-08-12,722.2,752.5,89;;;;
2018-08-12,721.7,751.9,93;;;;
2018-08-11,721.5,751.3,67;;;;
2018-08-11,721.9,751.6,40;;;;
2018-08-11,723.2,753.1,46;;;;
2018-08-11,724.1,754.4,63;;;;
2018-08-11,724.1,754.5,80;;;;
2018-08-11,723.5,753.9,93;;;;
2018-08-11,723.6,753.9,89;;;;
2018-08-11,723.6,753.4,66;;;;
2018-08-10,723.5,753.2,60;;;;
2018-08-10,724.1,753.7,61;;;;
2018-08-10,723.7,753.3,63;;;;
2018-08-10,723.1,752.5,62;;;;
2018-08-10,723.0,752.2,43;;;;
2018-08-10,722.9,752.2,48;;;;
2018-08-10,723.9,753.1,41;;;;
2018-08-10,724.7,753.9,41;;;;
2018-08-9,725.0,753.9,33;;;;
2018-08-9,725.2,753.8,26;;;;
2018-08-9,726.0,754.6,31;;;;
2018-08-9,726.6,755.5,40;;;;
2018-08-9,726.5,756.0,64;;;;
2018-08-9,726.3,756.1,69;;;;
2018-08-9,726.1,755.8,65;;;;
2018-08-9,726.2,755.5,49;;;;
2018-08-8,725.8,754.8,42;;;;
2018-08-8,725.1,753.9,39;;;;
2018-08-8,726.5,755.4,37;;;;
2018-08-8,726.8,755.9,45;;;;
2018-08-8,727.1,756.8,78;;;;
2018-08-8,726.7,756.9,94;;;;
2018-08-8,726.1,756.4,92;;;;
2018-08-8,726.1,756.0,82;;;;
2018-08-7,725.7,755.2,59;;;;
2018-08-7,724.9,754.0,48;;;;
2018-08-7,724.4,753.6,55;;;;
2018-08-7,724.5,753.9,64;;;;
2018-08-7,724.6,754.3,77;;;;
2018-08-7,724.4,754.5,90;;;;
2018-08-7,724.5,754.3,75;;;;
2018-08-7,725.2,754.9,69;;;;
2018-08-6,725.8,755.5,65;;;;
2018-08-6,726.5,756.2,61;;;;
2018-08-6,726.4,755.5,52;;;;
2018-08-6,727.0,756.6,57;;;;
2018-08-6,726.8,756.7,68;;;;
2018-08-6,727.5,757.6,75;;;;
2018-08-6,728.1,758.0,66;;;;
2018-08-6,728.5,758.4,59;;;;
2018-08-5,728.9,758.5,55;;;;
2018-08-5,728.8,758.0,39;;;;
2018-08-5,729.3,758.5,39;;;;
2018-08-5,729.6,759.1,51;;;;
2018-08-5,729.1,759.4,65;;;;
2018-08-5,728.5,759.3,82;;;;
2018-08-5,727.9,758.2,74;;;;
2018-08-5,727.5,757.6,91;;;;
2018-08-4,726.7,756.3,79;;;;
2018-08-4,725.3,754.9,73;;;;
2018-08-4,724.8,754.1,48;;;;
2018-08-4,724.9,754.0,39;;;;
2018-08-4,725.1,754.9,62;;;;
2018-08-4,724.6,754.8,77;;;;
2018-08-4,725.2,755.4,83;;;;
2018-08-4,725.4,755.4,70;;;;
2018-08-3,725.7,755.2,44;;;;
2018-08-3,725.8,755.0,37;;;;
2018-08-3,726.3,755.6,41;;;;
2018-08-3,727.0,756.6,51;;;;
2018-08-3,727.6,757.8,76;;;;
2018-08-3,727.4,758.1,88;;;;
2018-08-3,728.0,758.5,87;;;;
2018-08-3,728.0,758.2,77;;;;
2018-08-2,727.3,757.2,63;;;;
2018-08-2,726.7,756.1,44;;;;
2018-08-2,726.7,756.1,47;;;;
2018-08-2,727.1,756.7,46;;;;
2018-08-2,727.0,757.0,60;;;;
2018-08-2,726.8,757.5,71;;;;
2018-08-2,727.0,757.5,56;;;;
2018-08-2,727.5,757.9,65;;;;
2018-08-1,727.9,758.0,50;;;;
2018-08-1,727.8,757.9,46;;;;
2018-08-1,728.4,758.6,48;;;;
2018-08-1,728.7,759.1,69;;;;
2018-08-1,728.8,759.6,84;;;;
2018-08-1,728.8,759.4,83;;;;
2018-08-1,729.0,759.7,72;;;;
2018-08-1,729.7,760.3,77;;;;
2018-07-31,729.7,760.2,70;;;;
2018-07-31,729.6,759.9,68;;;;
2018-07-31,729.7,760.1,77;;;;
2018-07-31,729.7,760.2,78;;;;
2018-07-31,730.0,760.6,91;;;;
2018-07-31,729.8,760.5,88;;;;
2018-07-31,729.4,759.8,89;;;;
2018-07-31,730.8,760.9,75;;;;
2018-07-30,729.8,759.6,72;;;;
2018-07-30,729.7,759.1,45;;;;
2018-07-30,730.0,759.3,45;;;;
2018-07-30,730.9,760.4,47;;;;
2018-07-30,731.3,761.4,65;;;;
2018-07-30,731.0,761.2,82;;;;
2018-07-30,731.1,761.0,86;;;;
2018-07-30,731.3,761.0,74;;;;
2018-07-29,731.1,760.6,42;;;;
2018-07-29,730.8,760.1,38;;;;
2018-07-29,731.2,760.7,43;;;;
2018-07-29,732.1,761.8,41;;;;
2018-07-29,732.4,762.6,57;;;;
2018-07-29,732.1,762.7,65;;;;
2018-07-29,732.0,762.3,57;;;;
2018-07-29,732.3,762.4,48;;;;
2018-07-28,732.1,762.0,41;;;;
2018-07-28,731.9,761.6,34;;;;
2018-07-28,732.4,762.1,34;;;;
2018-07-28,732.8,762.8,47;;;;
2018-07-28,733.1,763.4,61;;;;
2018-07-28,732.7,763.6,84;;;;
2018-07-28,732.8,763.5,77;;;;
2018-07-28,733.0,763.2,55;;;;
2018-07-27,732.7,762.5,42;;;;
2018-07-27,732.1,761.5,35;;;;
2018-07-27,732.4,761.8,40;;;;
2018-07-27,733.6,763.2,46;;;;
2018-07-27,734.0,764.1,67;;;;
2018-07-27,733.7,764.3,85;;;;
2018-07-27,733.8,764.2,82;;;;
2018-07-27,734.2,764.3,69;;;;
2018-07-26,734.6,764.5,50;;;;
2018-07-26,734.6,764.3,37;;;;
2018-07-26,735.4,765.3,37;;;;
2018-07-26,735.7,766.0,51;;;;
2018-07-26,735.7,766.2,62;;;;
2018-07-26,734.7,765.8,83;;;;
2018-07-26,734.3,765.2,77;;;;
2018-07-26,733.7,764.2,64;;;;
2018-07-25,732.9,763.0,50;;;;
2018-07-25,732.1,761.7,37;;;;
2018-07-25,731.6,761.2,43;;;;
2018-07-25,731.4,761.2,62;;;;
2018-07-25,731.2,761.7,79;;;;
2018-07-25,730.2,761.3,100;;;;
2018-07-25,729.7,760.6,100;;;;
2018-07-25,729.3,760.0,89;;;;
2018-07-24,727.9,758.6,87;;;;
2018-07-24,726.5,757.0,86;;;;
2018-07-24,724.6,755.1,95;;;;
2018-07-24,722.0,752.4,87;;;;
2018-07-24,720.9,751.5,100;;;;
2018-07-24,721.7,752.5,96;;;;
2018-07-24,721.5,752.3,95;;;;
2018-07-24,721.8,752.6,94;;;;
2018-07-23,722.5,753.3,84;;;;
2018-07-23,724.0,754.7,79;;;;
2018-07-23,724.3,754.9,71;;;;
2018-07-23,724.3,754.9,70;;;;
2018-07-23,724.9,755.7,76;;;;
2018-07-23,724.6,755.5,88;;;;
2018-07-23,724.6,755.7,88;;;;
2018-07-23,725.2,756.1,72;;;;
2018-07-22,725.0,755.4,57;;;;
2018-07-22,724.6,754.7,62;;;;
2018-07-22,725.5,756.1,85;;;;
2018-07-22,725.5,756.2,100;;;;
2018-07-22,724.8,755.4,100;;;;
2018-07-22,724.0,754.3,88;;;;
2018-07-22,723.5,753.6,94;;;;
2018-07-22,724.3,754.3,94;;;;
2018-07-21,725.3,754.9,60;;;;
2018-07-21,725.3,754.6,56;;;;
2018-07-21,725.0,754.0,38;;;;
2018-07-21,726.1,755.2,45;;;;
2018-07-21,726.0,755.6,58;;;;
2018-07-21,726.2,755.8,56;;;;
2018-07-21,726.3,755.8,54;;;;
2018-07-21,726.6,755.9,42;;;;
2018-07-20,727.0,756.2,37;;;;
2018-07-20,727.4,756.4,29;;;;
2018-07-20,727.5,756.3,26;;;;
2018-07-20,728.3,757.3,33;;;;
2018-07-20,728.8,758.5,49;;;;
2018-07-20,728.7,758.6,56;;;;
2018-07-20,728.5,758.4,53;;;;
2018-07-20,728.9,758.5,43;;;;
2018-07-19,729.5,758.8,34;;;;
2018-07-19,729.5,758.7,28;;;;
2018-07-19,729.8,759.0,28;;;;
2018-07-19,730.6,759.9,30;;;;
2018-07-19,730.9,760.6,41;;;;
2018-07-19,730.5,760.9,74;;;;
2018-07-19,730.2,760.4,73;;;;
2018-07-19,730.3,760.3,55;;;;
2018-07-18,730.3,759.7,32;;;;
2018-07-18,730.5,759.7,32;;;;
2018-07-18,730.7,760.0,32;;;;
2018-07-18,731.2,760.6,33;;;;
2018-07-18,731.3,761.1,47;;;;
2018-07-18,730.7,761.3,67;;;;
2018-07-18,730.3,760.6,58;;;;
2018-07-18,729.9,759.9,50;;;;
2018-07-17,729.3,758.8,35;;;;
2018-07-17,728.7,757.9,30;;;;
2018-07-17,728.8,758.1,28;;;;
2018-07-17,729.2,758.7,36;;;;
2018-07-17,729.4,759.4,57;;;;
2018-07-17,728.7,759.2,74;;;;
2018-07-17,727.9,758.3,64;;;;
2018-07-17,727.7,757.7,54;;;;
2018-07-16,726.6,756.0,49;;;;
2018-07-16,725.5,754.6,46;;;;
2018-07-16,725.6,754.8,51;;;;
2018-07-16,725.7,755.0,53;;;;
2018-07-16,725.7,755.5,66;;;;
2018-07-16,725.0,755.2,87;;;;
2018-07-16,724.2,754.2,92;;;;
2018-07-16,724.3,754.1,83;;;;
2018-07-15,723.6,753.1,74;;;;
2018-07-15,723.4,753.0,65;;;;
2018-07-15,722.7,752.0,56;;;;
2018-07-15,722.7,751.9,51;;;;
2018-07-15,722.7,752.2,71;;;;
2018-07-15,721.7,751.7,88;;;;
2018-07-15,721.3,751.2,93;;;;
2018-07-15,721.6,751.3,82;;;;
2018-07-14,721.3,750.7,70;;;;
2018-07-14,721.3,750.5,58;;;;
2018-07-14,720.7,749.8,54;;;;
2018-07-14,721.1,750.1,46;;;;
2018-07-14,720.9,750.2,62;;;;
2018-07-14,720.6,750.6,94;;;;
2018-07-14,720.5,750.4,86;;;;
2018-07-14,720.9,750.6,74;;;;
2018-07-13,720.9,750.3,62;;;;
2018-07-13,720.6,749.5,36;;;;
2018-07-13,721.4,750.7,57;;;;
2018-07-13,721.1,750.0,41;;;;
2018-07-13,721.3,750.4,59;;;;
2018-07-13,721.3,751.0,70;;;;
2018-07-13,721.2,751.0,77;;;;
2018-07-13,721.7,751.3,67;;;;
2018-07-12,722.0,751.1,46;;;;
2018-07-12,721.9,750.7,48;;;;
2018-07-12,722.2,751.0,32;;;;
2018-07-12,722.8,751.9,50;;;;
2018-07-12,723.6,753.2,66;;;;
2018-07-12,723.1,753.0,75;;;;
2018-07-12,722.9,752.5,63;;;;
2018-07-12,723.7,753.1,56;;;;
2018-07-11,723.8,753.0,51;;;;
2018-07-11,723.9,752.8,39;;;;
2018-07-11,724.7,753.8,44;;;;
2018-07-11,724.9,754.0,46;;;;
2018-07-11,725.2,754.9,72;;;;
2018-07-11,725.0,754.8,75;;;;
2018-07-11,724.9,754.8,84;;;;
2018-07-11,725.4,755.2,73;;;;
2018-07-10,725.4,755.2,80;;;;
2018-07-10,725.6,755.3,81;;;;
2018-07-10,724.9,753.7,45;;;;
2018-07-10,725.1,753.9,32;;;;
2018-07-10,725.2,754.6,50;;;;
2018-07-10,725.0,754.6,56;;;;
2018-07-10,725.5,754.9,48;;;;
2018-07-10,725.4,754.6,46;;;;
2018-07-9,725.9,754.9,40;;;;
2018-07-9,725.8,754.6,32;;;;
2018-07-9,726.2,754.9,31;;;;
2018-07-9,727.0,755.9,33;;;;
2018-07-9,726.9,756.2,44;;;;
2018-07-9,726.2,756.0,59;;;;
2018-07-9,726.4,756.1,70;;;;
2018-07-9,726.5,755.8,61;;;;
2018-07-8,726.1,755.0,45;;;;
2018-07-8,725.9,754.6,40;;;;
2018-07-8,726.0,754.9,48;;;;
2018-07-8,726.0,755.2,57;;;;
2018-07-8,725.6,755.2,75;;;;
2018-07-8,725.3,755.4,86;;;;
2018-07-8,725.2,755.2,80;;;;
2018-07-8,725.3,754.9,67;;;;
2018-07-7,725.5,754.9,58;;;;
2018-07-7,725.1,754.0,48;;;;
2018-07-7,724.7,753.5,40;;;;
2018-07-7,725.0,754.0,50;;;;
2018-07-7,724.6,754.0,58;;;;
2018-07-7,724.3,754.1,64;;;;
2018-07-7,724.0,753.6,52;;;;
2018-07-7,724.4,753.7,43;;;;
2018-07-6,725.6,754.9,44;;;;
2018-07-6,725.9,755.0,37;;;;
2018-07-6,726.2,755.2,36;;;;
2018-07-6,726.8,756.1,35;;;;
2018-07-6,727.1,756.7,48;;;;
2018-07-6,728.0,758.1,54;;;;
2018-07-6,728.6,758.5,50;;;;
2018-07-6,729.1,758.8,45;;;;
2018-07-5,729.4,759.0,38;;;;
2018-07-5,729.7,759.1,31;;;;
2018-07-5,730.3,759.7,33;;;;
2018-07-5,731.0,760.7,37;;;;
2018-07-5,731.7,761.8,48;;;;
2018-07-5,731.5,762.1,63;;;;
2018-07-5,731.4,761.8,60;;;;
2018-07-5,731.7,761.9,48;;;;
2018-07-4,731.6,761.5,39;;;;
2018-07-4,731.7,761.4,32;;;;
2018-07-4,732.1,762.0,39;;;;
2018-07-4,732.7,762.9,51;;;;
2018-07-4,733.0,763.7,70;;;;
2018-07-4,732.1,763.2,88;;;;
2018-07-4,731.9,762.7,80;;;;
2018-07-4,731.4,761.9,72;;;;
2018-07-3,730.8,760.9,61;;;;
2018-07-3,729.4,759.0,58;;;;
2018-07-3,729.1,758.3,53;;;;
2018-07-3,729.4,758.6,47;;;;
2018-07-3,729.7,759.6,60;;;;
2018-07-3,729.2,759.7,76;;;;
2018-07-3,728.8,759.1,68;;;;
2018-07-3,728.8,758.8,58;;;;
2018-07-2,728.5,757.9,47;;;;
2018-07-2,728.2,757.4,45;;;;
2018-07-2,728.2,757.3,39;;;;
2018-07-2,728.5,757.8,46;;;;
2018-07-2,728.8,758.5,71;;;;
2018-07-2,728.4,758.7,92;;;;
2018-07-2,728.1,758.3,85;;;;
2018-07-2,728.4,758.5,78;;;;
2018-07-1,727.9,757.7,72;;;;
2018-07-1,727.3,756.7,56;;;;
2018-07-1,726.9,756.3,59;;;;
2018-07-1,726.7,756.1,64;;;;
2018-07-1,726.3,756.3,90;;;;
2018-07-1,725.5,755.5,98;;;;
2018-07-1,725.0,755.0,89;;;;
2018-07-1,724.9,754.6,71;;;;
2018-06-30,724.3,753.7,60;;;;
2018-06-30,723.5,752.5,52;;;;
2018-06-30,723.4,752.5,51;;;;
2018-06-30,723.7,752.8,54;;;;
2018-06-30,723.2,752.6,62;;;;
2018-06-30,722.8,752.8,93;;;;
2018-06-30,721.9,751.7,91;;;;
2018-06-30,721.8,751.4,81;;;;
2018-06-29,721.0,750.4,69;;;;
2018-06-29,720.5,749.7,56;;;;
2018-06-29,720.0,749.2,67;;;;
2018-06-29,720.4,749.9,77;;;;
2018-06-29,720.7,750.5,90;;;;
2018-06-29,720.3,750.5,100;;;;
2018-06-29,720.1,750.2,100;;;;
2018-06-29,720.0,749.9,100;;;;
2018-06-28,719.8,749.7,95;;;;
2018-06-28,720.1,749.5,68;;;;
2018-06-28,720.2,749.5,55;;;;
2018-06-28,720.9,750.6,69;;;;
2018-06-28,721.1,751.3,100;;;;
2018-06-28,721.0,751.1,100;;;;
2018-06-28,721.1,751.3,100;;;;
2018-06-28,721.5,751.6,93;;;;
2018-06-27,721.9,752.0,84;;;;
2018-06-27,722.2,752.1,71;;;;
2018-06-27,722.7,752.5,75;;;;
2018-06-27,723.2,753.4,89;;;;
2018-06-27,723.4,753.6,88;;;;
2018-06-27,723.6,754.0,100;;;;
2018-06-27,723.9,754.1,95;;;;
2018-06-27,724.3,754.5,91;;;;
2018-06-26,724.3,754.3,92;;;;
2018-06-26,723.7,753.3,52;;;;
2018-06-26,724.0,753.7,54;;;;
2018-06-26,724.5,754.3,55;;;;
2018-06-26,725.2,755.5,80;;;;
2018-06-26,725.1,755.6,93;;;;
2018-06-26,725.1,755.5,87;;;;
2018-06-26,725.4,755.7,77;;;;
2018-06-25,725.5,755.5,62;;;;
2018-06-25,724.6,754.2,46;;;;
2018-06-25,724.3,754.0,46;;;;
2018-06-25,725.0,754.6,47;;;;
2018-06-25,725.2,755.1,62;;;;
2018-06-25,725.2,755.8,89;;;;
2018-06-25,724.4,754.9,83;;;;
2018-06-25,724.4,754.9,83;;;;
2018-06-24,724.2,754.0,57;;;;
2018-06-24,723.1,752.5,37;;;;
2018-06-24,723.0,752.6,45;;;;
2018-06-24,723.2,752.6,43;;;;
2018-06-24,723.4,753.1,50;;;;
2018-06-24,722.8,753.3,75;;;;
2018-06-24,722.7,753.0,78;;;;
2018-06-24,722.7,752.8,62;;;;
2018-06-23,722.3,751.8,42;;;;
2018-06-23,721.9,751.2,36;;;;
2018-06-23,722.0,751.4,34;;;;
2018-06-23,722.4,751.9,36;;;;
2018-06-23,722.5,752.4,47;;;;
2018-06-23,722.0,752.5,71;;;;
2018-06-23,721.9,752.4,73;;;;
2018-06-23,721.8,751.9,58;;;;
2018-06-22,720.7,750.1,41;;;;
2018-06-22,719.9,749.2,59;;;;
2018-06-22,721.2,751.1,82;;;;
2018-06-22,721.7,751.3,52;;;;
2018-06-22,721.0,750.7,62;;;;
2018-06-22,721.0,750.7,59;;;;
2018-06-22,721.0,750.5,45;;;;
2018-06-22,722.5,752.1,46;;;;
2018-06-21,721.9,751.0,32;;;;
2018-06-21,722.2,750.9,21;;;;
2018-06-21,723.1,751.9,25;;;;
2018-06-21,724.4,753.5,32;;;;
2018-06-21,725.2,754.8,50;;;;
2018-06-21,725.1,755.5,71;;;;
2018-06-21,724.9,755.2,71;;;;
2018-06-21,724.7,754.6,57;;;;
2018-06-20,724.5,754.2,56;;;;
2018-06-20,724.5,754.2,55;;;;
2018-06-20,724.8,754.5,52;;;;
2018-06-20,724.9,754.5,36;;;;
2018-06-20,724.8,754.7,52;;;;
2018-06-20,724.1,754.6,84;;;;
2018-06-20,723.6,754.0,72;;;;
2018-06-20,723.3,753.5,59;;;;
2018-06-19,723.0,752.8,37;;;;
2018-06-19,722.6,752.2,30;;;;
2018-06-19,721.7,751.3,43;;;;
2018-06-19,721.3,751.1,53;;;;
2018-06-19,720.9,751.0,61;;;;
2018-06-19,720.3,751.0,62;;;;
2018-06-19,719.2,749.5,52;;;;
2018-06-19,718.6,748.4,63;;;;
2018-06-18,719.0,748.6,50;;;;
2018-06-18,718.9,748.0,34;;;;
2018-06-18,719.5,748.7,36;;;;
2018-06-18,720.5,750.1,42;;;;
2018-06-18,721.3,751.4,54;;;;
2018-06-18,721.7,752.3,61;;;;
2018-06-18,722.0,752.5,56;;;;
2018-06-18,723.1,753.4,45;;;;
2018-06-17,723.0,753.1,41;;;;
2018-06-17,723.5,753.6,50;;;;
2018-06-17,723.8,753.7,44;;;;
2018-06-17,723.6,753.4,43;;;;
2018-06-17,723.7,753.7,57;;;;
2018-06-17,724.3,754.9,79;;;;
2018-06-17,725.0,755.5,68;;;;
2018-06-17,725.8,756.2,60;;;;
2018-06-16,726.4,756.7,54;;;;
2018-06-16,726.4,756.3,42;;;;
2018-06-16,727.5,757.6,59;;;;
2018-06-16,728.4,758.8,80;;;;
2018-06-16,727.6,758.0,75;;;;
2018-06-16,727.4,757.9,69;;;;
2018-06-16,726.6,756.8,56;;;;
2018-06-16,726.4,756.3,45;;;;
2018-06-15,726.1,755.8,36;;;;
2018-06-15,725.9,755.2,20;;;;
2018-06-15,726.7,755.9,19;;;;
2018-06-15,727.6,757.0,28;;;;
2018-06-15,728.2,758.3,46;;;;
2018-06-15,728.8,759.4,56;;;;
2018-06-15,728.6,758.9,42;;;;
2018-06-15,729.1,759.3,40;;;;
2018-06-14,729.2,759.2,38;;;;
2018-06-14,729.4,759.1,31;;;;
2018-06-14,729.6,759.4,29;;;;
2018-06-14,730.3,760.6,34;;;;
2018-06-14,730.1,760.6,45;;;;
2018-06-14,729.5,760.9,65;;;;
2018-06-14,729.1,760.3,71;;;;
2018-06-14,728.7,760.0,69;;;;
2018-06-13,728.0,758.6,50;;;;
2018-06-13,727.1,757.3,43;;;;
2018-06-13,727.3,757.7,51;;;;
2018-06-13,727.0,757.1,38;;;;
2018-06-13,726.7,757.1,45;;;;
2018-06-13,726.4,757.4,74;;;;
2018-06-13,726.4,757.4,62;;;;
2018-06-13,726.2,756.8,52;;;;
2018-06-12,725.5,755.7,43;;;;
2018-06-12,725.3,755.2,;;;;
2018-06-12,724.3,754.0,37;;;;
2018-06-12,723.6,753.3,38;;;;
2018-06-12,722.8,752.7,45;;;;
2018-06-12,722.3,752.4,57;;;;
2018-06-12,722.2,752.1,46;;;;
2018-06-12,722.8,752.6,37;;;;
2018-06-11,723.4,753.0,28;;;;
2018-06-11,723.7,753.1,27;;;;
2018-06-11,724.6,754.0,28;;;;
2018-06-11,725.3,755.0,34;;;;
2018-06-11,725.8,755.8,48;;;;
2018-06-11,725.8,756.4,64;;;;
2018-06-11,725.8,756.3,57;;;;
2018-06-11,726.4,756.8,52;;;;
2018-06-10,726.3,756.3,36;;;;
2018-06-10,726.2,756.1,29;;;;
2018-06-10,726.3,756.1,27;;;;
2018-06-10,726.8,756.8,30;;;;
2018-06-10,727.4,757.9,50;;;;
2018-06-10,727.1,758.2,79;;;;
2018-06-10,727.2,758.2,59;;;;
2018-06-10,727.4,758.3,72;;;;
2018-06-9,727.0,757.6,61;;;;
2018-06-9,726.5,756.8,41;;;;
2018-06-9,727.6,758.0,46;;;;
2018-06-9,728.1,758.8,55;;;;
2018-06-9,728.7,759.4,59;;;;
2018-06-9,728.3,759.3,62;;;;
2018-06-9,727.8,758.5,53;;;;
2018-06-9,727.0,757.5,64;;;;
2018-06-8,726.3,756.6,68;;;;
2018-06-8,724.5,754.0,69;;;;
2018-06-8,724.0,753.1,39;;;;
2018-06-8,724.6,754.0,52;;;;
2018-06-8,724.3,753.8,53;;;;
2018-06-8,723.1,753.1,49;;;;
2018-06-8,723.5,753.3,37;;;;
2018-06-8,724.0,753.4,27;;;;
2018-06-7,724.7,753.7,21;;;;
2018-06-7,725.3,754.1,17;;;;
2018-06-7,726.7,755.4,14;;;;
2018-06-7,727.9,757.0,23;;;;
2018-06-7,728.5,758.3,32;;;;
2018-06-7,729.0,759.1,35;;;;
2018-06-7,729.1,759.3,38;;;;
2018-06-7,730.1,760.1,35;;;;
2018-06-6,730.5,759.9,20;;;;
2018-06-6,731.2,760.3,16;;;;
2018-06-6,732.1,761.3,16;;;;
2018-06-6,732.8,762.1,19;;;;
2018-06-6,733.3,763.3,36;;;;
2018-06-6,733.4,763.9,38;;;;
2018-06-6,732.9,763.3,37;;;;
2018-06-6,732.8,763.0,33;;;;
2018-06-5,732.4,762.3,27;;;;
2018-06-5,732.4,762.0,20;;;;
2018-06-5,732.4,762.0,22;;;;
2018-06-5,732.2,762.0,24;;;;
2018-06-5,731.8,762.1,45;;;;
2018-06-5,730.9,761.8,63;;;;
2018-06-5,729.7,760.3,61;;;;
2018-06-5,729.2,759.6,59;;;;
2018-06-4,729.1,759.5,71;;;;
2018-06-4,728.5,758.4,43;;;;
2018-06-4,729.1,759.4,34;;;;
2018-06-4,730.0,760.5,46;;;;
2018-06-4,729.7,760.7,65;;;;
2018-06-4,728.7,760.2,85;;;;
2018-06-4,727.1,758.2,81;;;;
2018-06-4,725.9,756.7,58;;;;
2018-06-3,726.8,757.6,45;;;;
2018-06-3,727.1,757.8,42;;;;
2018-06-3,728.1,759.0,47;;;;
2018-06-3,728.0,759.1,53;;;;
2018-06-3,727.0,758.7,85;;;;
2018-06-3,725.4,757.0,81;;;;
2018-06-3,723.3,754.6,87;;;;
2018-06-3,721.9,752.9,85;;;;
2018-06-2,719.8,750.4,69;;;;
2018-06-2,717.1,747.0,74;;;;
2018-06-2,716.7,746.8,97;;;;
2018-06-2,716.2,745.9,62;;;;
2018-06-2,716.6,746.4,37;;;;
2018-06-2,718.2,748.2,37;;;;
2018-06-2,719.8,749.8,36;;;;
2018-06-2,722.2,752.0,30;;;;
2018-06-1,723.9,753.5,22;;;;
2018-06-1,725.0,754.4,17;;;;
2018-06-1,726.3,755.8,19;;;;
2018-06-1,727.3,757.0,25;;;;
2018-06-1,727.7,758.0,37;;;;
2018-06-1,727.6,758.3,46;;;;
2018-06-1,727.5,758.1,46;;;;
2018-06-1,727.9,758.3,43;;;;
2018-05-31,727.9,758.1,37;;;;
2018-05-31,728.2,758.2,33;;;;
2018-05-31,728.6,758.6,34;;;;
2018-05-31,729.5,760.1,43;;;;
2018-05-31,730.3,761.5,45;;;;
2018-05-31,730.6,762.4,69;;;;
2018-05-31,730.5,762.2,76;;;;
2018-05-31,730.0,761.4,65;;;;
2018-05-30,728.5,759.7,61;;;;
2018-05-30,726.0,757.2,58;;;;
2018-05-30,721.5,752.3,60;;;;
2018-05-30,718.1,748.6,62;;;;
2018-05-30,717.2,748.0,76;;;;
2018-05-30,717.1,748.0,81;;;;
2018-05-30,718.4,749.3,73;;;;
2018-05-30,720.7,751.5,63;;;;
2018-05-29,722.7,753.3,51;;;;
2018-05-29,723.9,754.1,45;;;;
2018-05-29,725.2,755.4,40;;;;
2018-05-29,726.8,757.3,52;;;;
2018-05-29,727.1,758.0,70;;;;
2018-05-29,726.4,757.3,46;;;;
2018-05-29,726.5,757.3,39;;;;
2018-05-29,728.5,759.2,49;;;;
2018-05-28,729.0,759.5,38;;;;
2018-05-28,728.5,758.6,30;;;;
2018-05-28,728.7,758.8,33;;;;
2018-05-28,729.1,759.7,36;;;;
2018-05-28,730.0,761.2,49;;;;
2018-05-28,729.9,762.3,88;;;;
2018-05-28,729.0,761.2,100;;;;
2018-05-27,728.1,760.0,81;;;;
2018-05-27,727.6,759.5,83;;;;
2018-05-27,725.2,757.1,90;;;;
2018-05-27,723.7,755.5,86;;;;
2018-05-27,722.2,753.7,100;;;;
2018-05-27,721.0,752.2,99;;;;
2018-05-27,720.2,750.9,87;;;;
2018-05-26,719.8,749.2,32;;;;
2018-05-26,720.4,749.1,17;;;;
2018-05-26,722.2,751.1,17;;;;
2018-05-26,723.7,752.8,21;;;;
2018-05-26,725.2,754.9,37;;;;
2018-05-26,726.1,756.5,49;;;;
2018-05-26,726.6,757.0,54;;;;
2018-05-26,727.3,757.5,58;;;;
2018-05-25,727.9,757.9,52;;;;
2018-05-25,727.5,756.7,25;;;;
2018-05-25,728.5,757.7,29;;;;
2018-05-25,729.1,758.7,37;;;;
2018-05-25,729.7,760.1,53;;;;
2018-05-25,729.3,760.0,62;;;;
2018-05-25,729.4,759.9,51;;;;
2018-05-25,730.2,760.6,51;;;;
2018-05-24,731.2,761.7,38;;;;
2018-05-24,734.1,765.1,55;;;;
2018-05-24,735.9,766.7,41;;;;
2018-05-24,737.2,768.1,29;;;;
2018-05-24,738.6,770.1,55;;;;
2018-05-24,738.6,770.9,75;;;;
2018-05-24,738.1,770.4,69;;;;
2018-05-24,737.7,769.8,55;;;;
2018-05-23,736.3,767.8,39;;;;
2018-05-23,734.9,766.2,35;;;;
2018-05-23,733.3,764.8,42;;;;
2018-05-23,731.6,763.3,49;;;;
2018-05-23,729.7,761.5,56;;;;
2018-05-23,728.0,759.7,75;;;;
2018-05-23,726.3,757.4,84;;;;
2018-05-23,727.8,759.1,82;;;;
2018-05-22,728.4,759.4,80;;;;
2018-05-22,728.6,759.6,87;;;;
2018-05-22,727.6,758.4,81;;;;
2018-05-22,726.5,756.1,37;;;;
2018-05-22,728.4,758.4,55;;;;
2018-05-22,730.0,760.4,64;;;;
2018-05-22,731.8,762.4,66;;;;
2018-05-22,732.5,762.7,53;;;;
2018-05-21,733.1,763.0,40;;;;
2018-05-21,732.6,762.1,21;;;;
2018-05-21,734.1,763.7,19;;;;
2018-05-21,735.3,765.2,20;;;;
2018-05-21,736.0,766.6,25;;;;
2018-05-21,735.8,767.1,39;;;;
2018-05-21,735.8,766.9,32;;;;
2018-05-21,736.0,766.7,21;;;;
2018-05-20,735.9,766.3,21;;;;
2018-05-20,736.8,767.1,17;;;;
2018-05-20,738.1,768.6,15;;;;
2018-05-20,739.3,770.4,27;;;;
2018-05-20,739.8,771.4,38;;;;
2018-05-20,739.8,771.8,40;;;;
2018-05-20,739.8,771.7,34;;;;
2018-05-20,739.9,771.7,32;;;;
2018-05-19,739.6,771.1,21;;;;
2018-05-19,739.6,770.8,20;;;;
2018-05-19,739.6,771.1,21;;;;
2018-05-19,739.3,771.2,29;;;;
2018-05-19,738.4,770.8,40;;;;
2018-05-19,736.7,769.5,60;;;;
2018-05-19,734.2,766.6,50;;;;
2018-05-19,732.4,764.1,60;;;;
2018-05-18,730.0,761.0,51;;;;
2018-05-18,729.2,759.5,30;;;;
2018-05-18,730.0,760.4,30;;;;
2018-05-18,731.5,762.4,36;;;;
2018-05-18,732.7,764.1,48;;;;
2018-05-18,732.7,764.8,69;;;;
2018-05-18,733.0,765.0,59;;;;
2018-05-18,733.5,765.4,52;;;;
2018-05-17,733.6,765.2,38;;;;
2018-05-17,733.6,765.1,37;;;;
2018-05-17,734.2,765.9,41;;;;
2018-05-17,734.2,766.2,47;;;;
2018-05-17,733.3,765.4,58;;;;
2018-05-17,731.5,763.7,70;;;;
2018-05-17,729.7,761.5,92;;;;
2018-05-17,728.9,760.7,100;;;;
2018-05-16,727.0,758.1,58;;;;
2018-05-16,725.8,756.1,33;;;;
2018-05-16,725.3,755.3,28;;;;
2018-05-16,726.3,756.4,29;;;;
2018-05-16,727.6,758.5,36;;;;
2018-05-16,728.8,760.4,51;;;;
2018-05-16,729.8,761.4,46;;;;
2018-05-16,730.9,762.5,43;;;;
2018-05-15,730.9,762.1,30;;;;
2018-05-15,731.2,762.3,29;;;;
2018-05-15,731.1,762.1,30;;;;
2018-05-15,730.4,761.8,36;;;;
2018-05-15,729.1,760.8,47;;;;
2018-05-15,726.6,758.1,63;;;;
2018-05-15,726.1,757.0,46;;;;
2018-05-15,727.4,758.4,50;;;;
2018-05-14,728.5,759.4,30;;;;
2018-05-14,729.4,760.0,26;;;;
2018-05-14,731.0,761.8,28;;;;
2018-05-14,732.7,763.8,36;;;;
2018-05-14,733.8,765.4,53;;;;
2018-05-14,733.7,766.2,79;;;;
2018-05-14,733.1,765.4,75;;;;
2018-05-14,733.0,764.9,63;;;;
2018-05-13,732.1,763.7,50;;;;
2018-05-13,731.6,763.1,50;;;;
2018-05-13,730.2,761.5,44;;;;
2018-05-13,729.5,761.1,42;;;;
2018-05-13,728.7,760.7,50;;;;
2018-05-13,727.1,759.1,70;;;;
2018-05-13,725.9,757.6,64;;;;
2018-05-13,724.5,755.4,56;;;;
2018-05-12,724.8,755.5,46;;;;
2018-05-12,724.9,755.5,46;;;;
2018-05-12,724.8,755.5,48;;;;
2018-05-12,724.9,755.8,55;;;;
2018-05-12,724.9,756.2,69;;;;
2018-05-12,723.5,755.0,85;;;;
2018-05-12,722.5,753.5,74;;;;
2018-05-12,721.7,752.5,84;;;;
2018-05-11,720.5,751.3,84;;;;
2018-05-11,720.4,750.8,70;;;;
2018-05-11,720.3,750.5,62;;;;
2018-05-11,722.0,752.5,67;;;;
2018-05-11,723.3,754.0,76;;;;
2018-05-11,724.6,755.3,46;;;;
2018-05-11,725.5,756.1,39;;;;
2018-05-11,727.2,757.7,35;;;;
2018-05-10,728.2,758.8,35;;;;
2018-05-10,729.4,759.8,29;;;;
2018-05-10,730.9,761.3,32;;;;
2018-05-10,731.8,762.8,42;;;;
2018-05-10,732.5,763.9,59;;;;
2018-05-10,732.9,764.8,72;;;;
2018-05-10,732.7,764.6,70;;;;
2018-05-10,733.1,764.8,56;;;;
2018-05-9,733.0,764.5,51;;;;
2018-05-9,732.7,763.9,39;;;;
2018-05-9,732.1,763.3,43;;;;
2018-05-9,731.7,763.1,55;;;;
2018-05-9,731.3,763.2,87;;;;
2018-05-9,729.7,761.6,89;;;;
2018-05-9,729.1,760.8,90;;;;
2018-05-9,728.8,760.2,72;;;;
2018-05-8,728.3,759.4,50;;;;
2018-05-8,727.8,758.5,40;;;;
2018-05-8,727.6,758.2,35;;;;
2018-05-8,727.7,758.4,40;;;;
2018-05-8,727.6,758.8,66;;;;
2018-05-8,727.4,758.8,58;;;;
2018-05-8,728.3,759.7,74;;;;
2018-05-8,730.6,761.9,44;;;;
2018-05-7,731.6,763.0,39;;;;
2018-05-7,733.6,765.0,36;;;;
2018-05-7,735.1,766.7,35;;;;
2018-05-7,737.4,769.1,41;;;;
2018-05-7,738.7,770.8,52;;;;
2018-05-7,739.3,771.9,64;;;;
2018-05-7,739.6,772.3,67;;;;
2018-05-7,739.9,772.3,57;;;;
2018-05-6,740.0,772.3,43;;;;
2018-05-6,739.6,771.8,37;;;;
2018-05-6,739.0,771.2,39;;;;
2018-05-6,738.8,771.6,55;;;;
2018-05-6,737.6,770.5,66;;;;
2018-05-6,736.6,769.6,74;;;;
2018-05-6,735.6,768.2,74;;;;
2018-05-6,734.5,766.9,83;;;;
2018-05-5,733.5,765.7,82;;;;
2018-05-5,732.1,764.0,78;;;;
2018-05-5,730.4,762.2,71;;;;
2018-05-5,728.3,760.0,69;;;;
2018-05-5,726.4,758.2,74;;;;
2018-05-5,724.7,756.4,78;;;;
2018-05-5,723.0,754.0,60;;;;
2018-05-5,723.1,753.7,53;;;;
2018-05-4,722.9,753.0,60;;;;
2018-05-4,723.7,753.1,28;;;;
2018-05-4,725.4,754.9,35;;;;
2018-05-4,726.9,756.8,48;;;;
2018-05-4,728.8,759.8,83;;;;
2018-05-4,730.6,761.9,83;;;;
2018-05-4,731.8,763.2,76;;;;
2018-05-4,733.9,765.4,70;;;;
2018-05-3,735.6,767.2,71;;;;
2018-05-3,737.4,769.0,70;;;;
2018-05-3,738.7,770.2,51;;;;
2018-05-3,739.4,770.8,40;;;;
2018-05-3,739.6,771.4,69;;;;
2018-05-3,739.3,771.5,93;;;;
2018-05-3,738.7,770.9,77;;;;
2018-05-3,738.2,770.4,79;;;;
2018-05-2,737.2,769.0,63;;;;
2018-05-2,735.8,767.7,81;;;;
2018-05-2,733.8,765.4,73;;;;
2018-05-2,730.0,761.6,87;;;;
2018-05-2,725.4,757.1,100;;;;
2018-05-2,723.4,754.6,100;;;;
2018-05-2,725.8,757.3,87;;;;
2018-05-2,730.8,762.4,77;;;;
2018-05-1,732.4,763.6,49;;;;
2018-05-1,732.7,763.9,37;;;;
2018-05-1,733.0,764.3,47;;;;
2018-05-1,733.0,764.5,54;;;;
2018-05-1,731.7,763.3,58;;;;
2018-05-1,730.3,762.3,82;;;;
2018-05-1,728.7,760.4,78;;;;
2018-05-1,727.8,759.1,63;;;;
2018-04-30,726.0,756.7,45;;;;
2018-04-30,725.4,755.8,30;;;;
2018-04-30,725.4,755.7,37;;;;
2018-04-30,725.7,756.6,68;;;;
2018-04-30,725.2,756.4,83;;;;
2018-04-30,724.3,754.9,84;;;;
2018-04-30,724.6,754.9,68;;;;
2018-04-30,725.7,756.0,67;;;;
2018-04-29,727.0,757.0,42;;;;
2018-04-29,727.8,757.5,30;;;;
2018-04-29,730.0,760.0,31;;;;
2018-04-29,732.3,762.9,47;;;;
2018-04-29,733.9,765.2,68;;;;
2018-04-29,735.0,766.8,80;;;;
2018-04-29,735.4,767.1,81;;;;
2018-04-29,736.1,767.7,75;;;;
2018-04-28,735.8,767.2,68;;;;
2018-04-28,735.5,766.7,59;;;;
2018-04-28,734.5,766.0,68;;;;
2018-04-28,733.0,764.6,73;;;;
2018-04-28,730.9,762.7,79;;;;
2018-04-28,728.4,759.9,83;;;;
2018-04-28,726.7,757.9,87;;;;
2018-04-28,728.0,759.1,91;;;;
2018-04-27,728.7,759.8,73;;;;
2018-04-27,732.3,763.8,80;;;;
2018-04-27,734.0,765.2,52;;;;
2018-04-27,736.3,768.1,83;;;;
2018-04-27,736.5,768.3,80;;;;
2018-04-27,736.9,769.0,88;;;;
2018-04-27,737.2,769.3,85;;;;
2018-04-27,737.2,769.1,60;;;;
2018-04-26,736.7,768.4,42;;;;
2018-04-26,736.3,767.9,33;;;;
2018-04-26,736.1,767.7,36;;;;
2018-04-26,736.0,767.8,46;;;;
2018-04-26,735.1,767.0,67;;;;
2018-04-26,734.3,766.6,80;;;;
2018-04-26,733.6,765.9,75;;;;
2018-04-26,733.3,765.5,69;;;;
2018-04-25,732.9,764.9,56;;;;
2018-04-25,731.7,763.4,50;;;;
2018-04-25,731.5,763.1,49;;;;
2018-04-25,730.9,762.4,53;;;;
2018-04-25,729.8,761.7,73;;;;
2018-04-25,728.1,759.7,72;;;;
2018-04-25,726.2,757.5,98;;;;
2018-04-25,724.8,755.8,96;;;;
2018-04-24,723.6,754.6,100;;;;
2018-04-24,722.8,753.7,96;;;;
2018-04-24,724.6,755.5,90;;;;
2018-04-24,725.3,755.9,65;;;;
2018-04-24,726.3,757.1,77;;;;
2018-04-24,727.1,758.2,78;;;;
2018-04-24,727.6,758.6,64;;;;
2018-04-24,728.6,759.5,58;;;;
2018-04-23,728.7,759.4,49;;;;
2018-04-23,728.1,758.5,42;;;;
2018-04-23,727.3,757.7,50;;;;
2018-04-23,727.0,757.6,64;;;;
2018-04-23,726.2,757.3,97;;;;
2018-04-23,725.5,756.5,99;;;;
2018-04-23,725.2,756.3,94;;;;
2018-04-23,725.1,756.0,88;;;;
2018-04-22,725.2,756.1,85;;;;
2018-04-22,724.7,755.5,79;;;;
2018-04-22,724.0,754.4,68;;;;
2018-04-22,724.3,754.8,76;;;;
2018-04-22,723.6,754.5,90;;;;
2018-04-22,722.6,753.3,61;;;;
2018-04-22,722.5,752.9,51;;;;
2018-04-22,722.8,753.3,43;;;;
2018-04-21,723.2,753.5,35;;;;
2018-04-21,724.0,754.2,30;;;;
2018-04-21,725.7,756.1,42;;;;
2018-04-21,726.9,757.6,45;;;;
2018-04-21,727.6,758.7,51;;;;
2018-04-21,727.9,759.4,66;;;;
2018-04-21,728.2,759.5,62;;;;
2018-04-21,729.0,760.0,50;;;;
2018-04-20,729.5,760.5,41;;;;
2018-04-20,729.8,760.6,37;;;;
2018-04-20,730.4,761.2,51;;;;
2018-04-20,730.9,762.1,58;;;;
2018-04-20,730.9,762.7,64;;;;
2018-04-20,731.5,763.8,71;;;;
2018-04-20,732.7,765.1,69;;;;
2018-04-20,733.7,766.2,53;;;;
2018-04-19,734.5,766.9,49;;;;
2018-04-19,734.4,766.5,44;;;;
2018-04-19,734.6,766.9,51;;;;
2018-04-19,734.2,766.7,59;;;;
2018-04-19,732.6,765.3,82;;;;
2018-04-19,730.2,762.8,89;;;;
2018-04-19,728.0,760.5,95;;;;
2018-04-19,728.5,760.8,95;;;;
2018-04-18,730.2,761.8,46;;;;
2018-04-18,731.0,762.4,32;;;;
2018-04-18,732.4,763.9,33;;;;
2018-04-18,733.2,764.9,36;;;;
2018-04-18,733.2,765.5,70;;;;
2018-04-18,732.4,765.1,86;;;;
2018-04-18,732.2,765.0,82;;;;
2018-04-18,732.1,764.4,62;;;;
2018-04-17,731.5,763.6,60;;;;
2018-04-17,730.9,762.6,56;;;;
2018-04-17,730.3,761.9,48;;;;
2018-04-17,730.7,762.4,55;;;;
2018-04-17,730.6,762.7,81;;;;
2018-04-17,729.8,762.1,88;;;;
2018-04-17,728.8,760.6,75;;;;
2018-04-17,728.5,760.0,70;;;;
2018-04-16,728.3,759.7,59;;;;
2018-04-16,727.4,758.5,47;;;;
2018-04-16,726.7,757.8,43;;;;
2018-04-16,726.7,757.9,37;;;;
2018-04-16,726.7,758.2,58;;;;
2018-04-16,727.0,759.1,74;;;;
2018-04-16,727.5,759.6,70;;;;
2018-04-16,728.4,760.4,66;;;;
2018-04-15,728.8,760.6,52;;;;
2018-04-15,729.1,760.4,35;;;;
2018-04-15,730.3,761.6,35;;;;
2018-04-15,731.5,763.1,36;;;;
2018-04-15,732.2,764.2,51;;;;
2018-04-15,732.1,765.0,85;;;;
2018-04-15,731.8,764.6,77;;;;
2018-04-15,731.9,764.2,59;;;;
2018-04-14,731.2,763.2,41;;;;
2018-04-14,730.6,762.1,36;;;;
2018-04-14,730.9,762.5,33;;;;
2018-04-14,731.6,763.5,37;;;;
2018-04-14,731.5,763.9,57;;;;
2018-04-14,731.0,764.0,90;;;;
2018-04-14,730.5,763.3,85;;;;
2018-04-14,730.3,762.9,74;;;;
2018-04-13,729.4,761.8,67;;;;
2018-04-13,727.5,759.4,70;;;;
2018-04-13,725.3,756.4,69;;;;
2018-04-13,723.7,754.3,43;;;;
2018-04-13,724.3,755.5,51;;;;
2018-04-13,725.2,756.7,55;;;;
2018-04-13,726.4,757.6,46;;;;
2018-04-13,728.5,759.6,52;;;;
2018-04-12,731.0,762.1,58;;;;
2018-04-12,732.4,763.3,41;;;;
2018-04-12,734.2,765.1,38;;;;
2018-04-12,735.7,767.0,45;;;;
2018-04-12,736.6,768.6,63;;;;
2018-04-12,736.9,769.2,78;;;;
2018-04-12,737.2,769.3,80;;;;
2018-04-12,737.4,769.3,77;;;;
2018-04-11,737.1,768.9,84;;;;
2018-04-11,736.3,767.7,66;;;;
2018-04-11,736.0,767.6,66;;;;
2018-04-11,736.0,767.9,61;;;;
2018-04-11,736.7,769.1,77;;;;
2018-04-11,736.9,769.7,88;;;;
2018-04-11,736.9,769.9,90;;;;
2018-04-11,736.5,769.1,84;;;;
2018-04-10,735.8,768.3,72;;;;
2018-04-10,734.5,766.7,72;;;;
2018-04-10,733.4,765.5,72;;;;
2018-04-10,732.5,764.6,69;;;;
2018-04-10,731.8,764.0,87;;;;
2018-04-10,730.4,762.7,89;;;;
2018-04-10,729.4,761.7,91;;;;
2018-04-10,729.1,761.3,89;;;;
2018-04-9,728.6,760.9,82;;;;
2018-04-9,726.9,758.9,76;;;;
2018-04-9,725.5,757.4,71;;;;
2018-04-9,725.1,756.9,72;;;;
2018-04-9,725.3,757.4,93;;;;
2018-04-9,725.3,757.3,87;;;;
2018-04-9,725.8,757.6,92;;;;
2018-04-9,726.7,758.4,83;;;;
2018-04-8,728.3,759.9,70;;;;
2018-04-8,730.0,761.6,70;;;;
2018-04-8,730.9,762.8,74;;;;
2018-04-8,731.2,763.2,75;;;;
2018-04-8,731.0,763.3,83;;;;
2018-04-8,730.2,762.7,89;;;;
2018-04-8,730.0,762.4,92;;;;
2018-04-8,730.3,762.7,92;;;;
2018-04-7,730.3,762.6,95;;;;
2018-04-7,730.0,762.1,86;;;;
2018-04-7,730.4,762.4,82;;;;
2018-04-7,730.8,763.0,92;;;;
2018-04-7,730.6,762.8,92;;;;
2018-04-7,730.3,762.6,86;;;;
2018-04-7,730.6,762.8,83;;;;
2018-04-7,730.9,763.0,85;;;;
2018-04-6,731.2,763.1,77;;;;
2018-04-6,731.5,763.2,73;;;;
2018-04-6,731.6,763.6,80;;;;
2018-04-6,731.8,764.0,89;;;;
2018-04-6,731.2,763.5,96;;;;
2018-04-6,730.4,762.6,85;;;;
2018-04-6,729.5,761.4,70;;;;
2018-04-6,729.9,761.7,62;;;;
2018-04-5,731.1,763.0,57;;;;
2018-04-5,732.4,764.0,42;;;;
2018-04-5,734.1,766.0,44;;;;
2018-04-5,735.8,768.1,45;;;;
2018-04-5,737.8,770.7,55;;;;
2018-04-5,738.5,771.5,60;;;;
2018-04-5,740.3,773.3,60;;;;
2018-04-5,742.0,774.9,61;;;;
2018-04-4,743.7,776.7,63;;;;
2018-04-4,744.7,777.4,52;;;;
2018-04-4,746.1,778.9,44;;;;
2018-04-4,747.2,780.3,51;;;;
2018-04-4,747.7,781.2,63;;;;
2018-04-4,747.5,781.3,76;;;;
2018-04-4,747.9,781.6,75;;;;
2018-04-4,748.5,782.1,69;;;;
2018-04-3,748.6,782.0,63;;;;
2018-04-3,748.3,781.5,60;;;;
2018-04-3,747.4,780.6,63;;;;
2018-04-3,746.5,779.8,61;;;;
2018-04-3,745.4,778.9,69;;;;
2018-04-3,743.0,776.5,90;;;;
2018-04-3,742.2,775.6,87;;;;
2018-04-3,741.7,775.0,87;;;;
2018-04-2,741.0,774.4,83;;;;
2018-04-2,741.0,774.4,76;;;;
2018-04-2,741.4,774.5,45;;;;
2018-04-2,742.3,775.6,64;;;;
2018-04-2,742.6,776.5,74;;;;
2018-04-2,743.5,777.9,75;;;;
2018-04-2,744.2,778.6,75;;;;
2018-04-2,745.3,779.5,80;;;;
2018-04-1,745.4,779.2,71;;;;
2018-04-1,745.2,778.6,63;;;;
2018-04-1,745.1,778.3,48;;;;
2018-04-1,744.2,777.9,62;;;;
2018-04-1,743.1,777.7,75;;;;
2018-04-1,741.4,776.1,78;;;;
2018-04-1,740.5,775.0,77;;;;
2018-04-1,739.7,773.8,74;;;;
2018-03-31,738.7,772.3,69;;;;
2018-03-31,738.0,771.2,46;;;;
2018-03-31,737.2,770.4,36;;;;
2018-03-31,736.3,769.6,40;;;;
2018-03-31,734.6,768.5,65;;;;
2018-03-31,733.0,767.4,71;;;;
2018-03-31,730.9,764.9,69;;;;
2018-03-31,729.1,762.8,66;;;;
2018-03-30,727.7,761.0,60;;;;
2018-03-30,727.6,760.9,76;;;;
2018-03-30,728.2,761.3,54;;;;
2018-03-30,729.4,762.4,68;;;;
2018-03-30,729.8,762.7,75;;;;
2018-03-30,729.6,762.3,83;;;;
2018-03-30,728.1,760.6,83;;;;
2018-03-30,727.3,759.7,80;;;;
2018-03-29,727.3,759.4,87;;;;
2018-03-29,726.4,758.3,88;;;;
2018-03-29,727.0,759.1,73;;;;
2018-03-29,728.6,760.8,62;;;;
2018-03-29,730.3,762.8,67;;;;
2018-03-29,731.6,764.3,73;;;;
2018-03-29,732.8,765.4,71;;;;
2018-03-29,734.5,767.1,70;;;;
2018-03-28,735.2,767.8,78;;;;
2018-03-28,735.1,767.6,72;;;;
2018-03-28,734.7,767.3,75;;;;
2018-03-28,734.7,767.5,80;;;;
2018-03-28,734.1,767.3,92;;;;
2018-03-28,733.3,766.7,89;;;;
2018-03-28,733.3,766.5,88;;;;
2018-03-28,733.4,766.6,88;;;;
2018-03-27,733.1,766.0,81;;;;
2018-03-27,732.8,765.4,68;;;;
2018-03-27,733.3,765.9,61;;;;
2018-03-27,733.4,766.0,63;;;;
2018-03-27,733.8,766.7,75;;;;
2018-03-27,733.0,765.9,77;;;;
2018-03-27,733.1,766.1,81;;;;
2018-03-27,733.6,766.7,86;;;;
2018-03-26,733.2,766.3,82;;;;
2018-03-26,732.4,765.3,70;;;;
2018-03-26,732.0,764.8,76;;;;
2018-03-26,730.9,763.6,73;;;;
2018-03-26,728.6,761.7,83;;;;
2018-03-26,724.5,757.3,90;;;;
2018-03-26,719.2,751.6,91;;;;
2018-03-26,715.9,747.9,96;;;;
2018-03-25,715.3,747.1,95;;;;
2018-03-25,716.9,748.7,93;;;;
2018-03-25,720.6,752.6,89;;;;
2018-03-25,725.2,757.6,90;;;;
2018-03-25,728.2,760.9,84;;;;
2018-03-25,730.1,763.0,87;;;;
2018-03-25,732.1,765.1,82;;;;
2018-03-25,733.0,766.1,81;;;;
2018-03-24,733.2,766.3,79;;;;
2018-03-24,732.5,765.4,74;;;;
2018-03-24,730.0,763.0,73;;;;
2018-03-24,727.3,760.3,75;;;;
2018-03-24,724.4,757.3,78;;;;
2018-03-24,722.7,755.5,80;;;;
2018-03-24,721.5,754.0,76;;;;
2018-03-24,721.2,753.4,90;;;;
2018-03-23,721.0,752.8,92;;;;
2018-03-23,723.8,755.8,84;;;;
2018-03-23,725.3,757.6,82;;;;
2018-03-23,725.5,757.8,84;;;;
2018-03-23,723.8,756.0,83;;;;
2018-03-23,722.1,754.1,81;;;;
2018-03-23,721.3,753.2,100;;;;
2018-03-23,720.4,752.2,98;;;;
2018-03-22,718.9,750.3,90;;;;
2018-03-22,718.5,749.5,77;;;;
2018-03-22,720.6,751.7,74;;;;
2018-03-22,722.9,754.3,77;;;;
2018-03-22,724.6,756.4,92;;;;
2018-03-22,726.0,758.0,100;;;;
2018-03-22,727.2,759.2,100;;;;
2018-03-22,728.7,760.8,100;;;;
2018-03-21,729.1,761.2,100;;;;
2018-03-21,729.1,761.2,98;;;;
2018-03-21,729.1,761.2,99;;;;
2018-03-21,728.9,761.0,99;;;;
2018-03-21,728.1,760.2,94;;;;
2018-03-21,728.3,760.4,90;;;;
2018-03-21,729.3,761.6,73;;;;
2018-03-21,730.9,763.6,69;;;;
2018-03-20,732.5,765.4,71;;;;
2018-03-20,734.2,767.1,58;;;;
2018-03-20,735.9,769.0,50;;;;
2018-03-20,739.0,772.8,54;;;;
2018-03-20,739.9,774.5,80;;;;
2018-03-20,739.1,774.1,81;;;;
2018-03-20,738.1,772.9,79;;;;
2018-03-20,736.5,770.8,79;;;;
2018-03-19,732.9,766.8,78;;;;
2018-03-19,728.0,761.0,68;;;;
2018-03-19,724.0,755.9,93;;;;
2018-03-19,723.9,755.8,88;;;;
2018-03-19,725.1,757.3,86;;;;
2018-03-19,726.7,759.1,84;;;;
2018-03-19,728.8,761.3,79;;;;
2018-03-19,730.7,763.2,77;;;;
2018-03-18,732.3,764.7,74;;;;
2018-03-18,733.3,765.7,67;;;;
2018-03-18,734.5,766.9,59;;;;
2018-03-18,736.3,769.0,68;;;;
2018-03-18,736.5,769.9,82;;;;
2018-03-18,737.0,770.4,86;;;;
2018-03-18,737.8,771.1,81;;;;
2018-03-18,738.4,771.7,76;;;;
2018-03-17,739.2,772.6,66;;;;
2018-03-17,739.2,772.0,44;;;;
2018-03-17,739.2,772.2,46;;;;
2018-03-17,739.9,773.4,55;;;;
2018-03-17,740.3,775.3,83;;;;
2018-03-17,740.0,775.1,82;;;;
2018-03-17,740.0,775.0,83;;;;
2018-03-17,740.1,774.8,86;;;;
2018-03-16,740.6,775.0,82;;;;
2018-03-16,740.2,774.0,66;;;;
2018-03-16,740.5,774.1,63;;;;
2018-03-16,741.0,775.2,69;;;;
2018-03-16,740.2,775.0,84;;;;
2018-03-16,740.5,775.3,84;;;;
2018-03-16,740.5,775.3,84;;;;
2018-03-16,740.4,775.0,87;;;;
2018-03-15,740.2,774.4,81;;;;
2018-03-15,739.0,772.6,64;;;;
2018-03-15,738.8,772.4,62;;;;
2018-03-15,738.7,772.7,77;;;;
2018-03-15,737.9,772.6,85;;;;
2018-03-15,737.1,771.7,85;;;;
2018-03-15,736.6,770.9,87;;;;
2018-03-15,736.3,770.4,90;;;;
2018-03-14,735.6,769.2,83;;;;
2018-03-14,734.2,767.4,69;;;;
2018-03-14,733.3,766.3,63;;;;
2018-03-14,732.7,765.9,70;;;;
2018-03-14,730.6,763.4,89;;;;
2018-03-14,730.1,763.1,90;;;;
2018-03-14,730.9,763.9,88;;;;
2018-03-14,731.8,765.0,79;;;;
2018-03-13,733.0,766.6,81;;;;
2018-03-13,733.8,767.1,73;;;;
2018-03-13,734.6,768.0,68;;;;
2018-03-13,736.2,770.0,64;;;;
2018-03-13,737.2,772.0,74;;;;
2018-03-13,737.5,772.5,78;;;;
2018-03-13,737.9,773.0,78;;;;
2018-03-13,737.8,772.6,77;;;;
2018-03-12,737.9,772.6,80;;;;
2018-03-12,737.5,771.8,74;;;;
2018-03-12,736.6,770.7,67;;;;
2018-03-12,737.0,771.3,72;;;;
2018-03-12,736.3,771.2,83;;;;
2018-03-12,735.7,770.7,82;;;;
2018-03-12,735.4,770.2,83;;;;
2018-03-12,734.8,769.4,84;;;;
2018-03-11,734.2,768.5,84;;;;
2018-03-11,733.0,766.8,76;;;;
2018-03-11,731.3,765.0,72;;;;
2018-03-11,730.4,764.4,71;;;;
2018-03-11,729.4,763.8,82;;;;
2018-03-11,728.2,762.4,84;;;;
2018-03-11,727.6,761.5,85;;;;
2018-03-11,727.3,761.1,83;;;;
2018-03-10,726.7,760.3,86;;;;
2018-03-10,726.0,759.2,82;;;;
2018-03-10,725.5,758.6,78;;;;
2018-03-10,726.1,759.4,80;;;;
2018-03-10,725.6,758.8,87;;;;
2018-03-10,725.4,758.5,82;;;;
2018-03-10,726.0,759.1,87;;;;
2018-03-10,725.8,758.8,87;;;;
2018-03-9,725.7,758.7,87;;;;
2018-03-9,725.5,758.2,84;;;;
2018-03-9,725.6,758.2,47;;;;
2018-03-9,727.2,760.0,39;;;;
2018-03-9,728.6,762.1,54;;;;
2018-03-9,730.9,764.7,59;;;;
2018-03-9,732.2,766.0,64;;;;
2018-03-9,734.0,768.1,70;;;;
2018-03-8,735.3,769.5,72;;;;
2018-03-8,736.4,770.4,61;;;;
2018-03-8,737.4,771.4,56;;;;
2018-03-8,737.6,772.2,69;;;;
2018-03-8,737.3,772.4,80;;;;
2018-03-8,736.2,771.2,81;;;;
2018-03-8,735.6,770.4,78;;;;
2018-03-8,734.1,768.5,76;;;;
2018-03-7,732.4,766.6,77;;;;
2018-03-7,731.0,765.1,67;;;;
2018-03-7,729.4,763.1,64;;;;
2018-03-7,727.7,761.5,73;;;;
2018-03-7,726.6,760.4,76;;;;
2018-03-7,725.1,758.7,78;;;;
2018-03-7,723.1,756.4,78;;;;
2018-03-7,720.8,753.4,81;;;;
2018-03-6,718.6,750.4,85;;;;
2018-03-6,716.3,747.8,90;;;;
2018-03-6,716.2,747.6,79;;;;
2018-03-6,720.7,752.3,77;;;;
2018-03-6,724.4,756.7,79;;;;
2018-03-6,726.9,759.5,79;;;;
2018-03-6,729.7,762.7,81;;;;
2018-03-6,731.5,764.5,83;;;;
2018-03-5,733.5,766.5,83;;;;
2018-03-5,733.9,766.9,72;;;;
2018-03-5,734.1,766.9,62;;;;
2018-03-5,734.6,768.1,74;;;;
2018-03-5,733.5,767.5,85;;;;
2018-03-5,732.5,766.8,86;;;;
2018-03-5,731.3,765.4,86;;;;
2018-03-5,730.6,764.5,82;;;;
2018-03-4,729.4,763.2,79;;;;
2018-03-4,728.8,762.3,74;;;;
2018-03-4,728.6,761.8,66;;;;
2018-03-4,729.9,763.2,71;;;;
2018-03-4,730.6,764.7,79;;;;
2018-03-4,731.7,766.0,76;;;;
2018-03-4,732.7,767.2,75;;;;
2018-03-4,733.6,768.1,73;;;;
2018-03-3,734.8,769.2,73;;;;
2018-03-3,735.2,769.2,48;;;;
2018-03-3,736.0,769.9,52;;;;
2018-03-3,737.3,771.8,61;;;;
2018-03-3,737.9,773.2,77;;;;
2018-03-3,738.0,772.9,76;;;;
2018-03-3,738.1,773.1,76;;;;
2018-03-3,737.9,772.9,76;;;;
2018-03-2,737.1,772.0,74;;;;
2018-03-2,736.2,770.8,65;;;;
2018-03-2,735.6,770.3,62;;;;
2018-03-2,736.0,771.2,78;;;;
2018-03-2,735.4,771.4,75;;;;
2018-03-2,734.9,771.0,75;;;;
2018-03-2,735.0,770.9,76;;;;
2018-03-2,734.9,770.3,80;;;;
2018-03-1,734.2,769.3,78;;;;
2018-03-1,733.3,767.9,68;;;;
2018-03-1,733.0,767.4,60;;;;
2018-03-1,732.7,767.4,70;;;;
2018-03-1,731.6,766.9,79;;;;
2018-03-1,731.2,766.2,81;;;;
2018-03-1,730.7,765.2,81;;;;
2018-03-1,729.7,763.6,81;;;;
2018-02-28,729.5,762.8,86;;;;
2018-02-28,728.3,761.5,83;;;;
2018-02-28,727.7,760.7,83;;;;
2018-02-28,727.0,760.0,90;;;;
2018-02-28,726.7,760.0,91;;;;
2018-02-28,726.8,759.7,85;;;;
2018-02-28,727.0,759.9,82;;;;
2018-02-28,728.9,761.8,72;;;;
2018-02-27,730.3,763.1,66;;;;
2018-02-27,732.1,765.0,60;;;;
2018-02-27,733.3,766.3,62;;;;
2018-02-27,734.7,768.4,89;;;;
2018-02-27,736.0,770.1,89;;;;
2018-02-27,735.4,769.2,91;;;;
2018-02-27,736.0,769.6,92;;;;
2018-02-27,736.4,769.9,93;;;;
2018-02-26,735.9,769.1,95;;;;
2018-02-26,735.5,768.4,87;;;;
2018-02-26,735.4,768.2,82;;;;
2018-02-26,735.6,768.7,94;;;;
2018-02-26,735.3,768.6,93;;;;
2018-02-26,735.1,768.7,91;;;;
2018-02-26,735.7,769.6,89;;;;
2018-02-26,736.4,770.3,72;;;;
2018-02-25,736.7,770.4,74;;;;
2018-02-25,737.2,770.8,69;;;;
2018-02-25,737.6,771.1,60;;;;
2018-02-25,738.4,772.5,75;;;;
2018-02-25,738.8,773.6,83;;;;
2018-02-25,738.7,774.0,82;;;;
2018-02-25,738.8,774.1,82;;;;
2018-02-25,738.8,773.7,84;;;;
2018-02-24,738.2,772.9,86;;;;
2018-02-24,737.3,771.5,73;;;;
2018-02-24,736.3,770.2,67;;;;
2018-02-24,735.5,769.6,72;;;;
2018-02-24,734.3,768.6,84;;;;
2018-02-24,733.6,767.8,85;;;;
2018-02-24,733.6,767.6,84;;;;
2018-02-24,733.9,768.1,85;;;;
2018-02-23,734.1,768.1,81;;;;
2018-02-23,734.6,768.6,75;;;;
2018-02-23,735.1,768.9,70;;;;
2018-02-23,735.8,770.0,73;;;;
2018-02-23,736.4,771.2,83;;;;
2018-02-23,736.6,771.4,82;;;;
2018-02-23,736.9,771.4,84;;;;
2018-02-23,737.1,771.7,84;;;;
2018-02-22,737.2,771.6,84;;;;
2018-02-22,737.1,771.2,81;;;;
2018-02-22,736.8,770.8,73;;;;
2018-02-22,736.9,771.1,74;;;;
2018-02-22,736.1,770.9,85;;;;
2018-02-22,734.3,768.7,85;;;;
2018-02-22,732.5,766.6,85;;;;
2018-02-22,730.0,763.3,87;;;;
2018-02-21,728.4,761.3,89;;;;
2018-02-21,727.7,760.6,87;;;;
2018-02-21,727.9,760.7,83;;;;
2018-02-21,729.4,762.1,58;;;;
2018-02-21,730.1,763.2,50;;;;
2018-02-21,731.6,764.8,50;;;;
2018-02-21,733.6,767.2,54;;;;
2018-02-21,734.9,768.4,44;;;;
2018-02-20,736.9,770.6,49;;;;
2018-02-20,738.2,771.8,45;;;;
2018-02-20,740.0,773.8,46;;;;
2018-02-20,741.7,776.2,53;;;;
2018-02-20,742.5,777.4,71;;;;
2018-02-20,743.4,778.7,78;;;;
2018-02-20,744.4,779.5,81;;;;
2018-02-20,745.5,780.6,78;;;;
2018-02-19,746.7,782.0,77;;;;
2018-02-19,747.0,781.8,64;;;;
2018-02-19,747.7,782.6,59;;;;
2018-02-19,748.3,783.7,66;;;;
2018-02-19,748.4,784.7,76;;;;
2018-02-19,748.0,784.3,77;;;;
2018-02-19,747.7,784.0,76;;;;
2018-02-19,747.9,784.1,76;;;;
2018-02-18,747.8,783.7,77;;;;
2018-02-18,747.3,782.6,73;;;;
2018-02-18,747.1,782.2,62;;;;
2018-02-18,747.6,783.1,79;;;;
2018-02-18,747.6,783.8,77;;;;
2018-02-18,747.1,783.1,78;;;;
2018-02-18,747.1,783.3,78;;;;
2018-02-18,747.2,783.1,80;;;;
2018-02-17,747.4,783.0,81;;;;
2018-02-17,747.0,782.0,71;;;;
2018-02-17,747.1,781.9,72;;;;
2018-02-17,747.4,782.6,82;;;;
2018-02-17,747.4,783.1,80;;;;
2018-02-17,746.9,782.6,80;;;;
2018-02-17,746.8,782.3,81;;;;
2018-02-17,746.8,782.3,81;;;;
2018-02-16,746.8,782.6,80;;;;
2018-02-16,746.1,781.5,68;;;;
2018-02-16,745.4,780.6,65;;;;
2018-02-16,744.7,780.4,67;;;;
2018-02-16,743.4,779.7,76;;;;
2018-02-16,742.0,777.8,76;;;;
2018-02-16,740.6,776.5,75;;;;
2018-02-16,739.9,775.2,78;;;;
2018-02-15,738.9,774.0,78;;;;
2018-02-15,737.1,772.1,76;;;;
2018-02-15,735.1,770.0,70;;;;
2018-02-15,733.6,768.8,70;;;;
2018-02-15,732.3,767.8,75;;;;
2018-02-15,731.0,766.3,75;;;;
2018-02-15,731.1,766.4,75;;;;
2018-02-15,731.2,766.4,76;;;;
2018-02-14,731.2,766.6,76;;;;
2018-02-14,731.1,766.2,73;;;;
2018-02-14,730.3,765.2,69;;;;
2018-02-14,730.1,765.5,69;;;;
2018-02-14,729.4,765.0,77;;;;
2018-02-14,728.0,762.4,82;;;;
2018-02-14,727.9,761.9,83;;;;
2018-02-14,728.5,762.6,78;;;;
2018-02-13,729.3,763.0,78;;;;
2018-02-13,729.5,763.1,66;;;;
2018-02-13,730.0,763.4,58;;;;
2018-02-13,731.2,765.1,69;;;;
2018-02-13,732.0,767.0,81;;;;
2018-02-13,732.5,767.2,83;;;;
2018-02-13,733.0,767.3,83;;;;
2018-02-13,734.2,768.7,83;;;;
2018-02-12,734.8,769.0,78;;;;
2018-02-12,735.0,769.0,72;;;;
2018-02-12,735.4,769.4,69;;;;
2018-02-12,735.9,770.4,75;;;;
2018-02-12,735.6,770.3,84;;;;
2018-02-12,735.6,770.1,84;;;;
2018-02-12,735.7,770.2,83;;;;
2018-02-12,735.9,770.4,78;;;;
2018-02-11,736.6,771.1,74;;;;
2018-02-11,736.4,770.9,71;;;;
2018-02-11,736.4,770.5,63;;;;
2018-02-11,736.9,771.6,66;;;;
2018-02-11,736.9,772.3,79;;;;
2018-02-11,737.2,772.4,78;;;;
2018-02-11,737.5,772.9,79;;;;
2018-02-11,738.0,773.3,79;;;;
2018-02-10,738.5,773.6,80;;;;
2018-02-10,738.8,773.3,75;;;;
2018-02-10,739.2,773.3,62;;;;
2018-02-10,740.1,774.4,66;;;;
2018-02-10,740.7,775.8,76;;;;
2018-02-10,741.5,776.8,76;;;;
2018-02-10,742.5,777.6,75;;;;
2018-02-10,743.5,778.3,69;;;;
2018-02-9,745.2,779.8,74;;;;
2018-02-9,746.6,780.9,74;;;;
2018-02-9,747.4,781.6,73;;;;
2018-02-9,749.1,783.5,72;;;;
2018-02-9,750.1,785.2,82;;;;
2018-02-9,751.0,786.4,84;;;;
2018-02-9,751.5,786.7,83;;;;
2018-02-9,752.4,787.5,81;;;;
2018-02-8,753.1,788.2,82;;;;
2018-02-8,753.5,788.5,70;;;;
2018-02-8,753.5,788.4,65;;;;
2018-02-8,753.9,789.5,81;;;;
2018-02-8,754.1,790.1,82;;;;
2018-02-8,753.4,789.4,81;;;;
2018-02-8,753.1,788.9,83;;;;
2018-02-8,752.7,788.1,80;;;;
2018-02-7,752.0,787.1,78;;;;
2018-02-7,751.1,786.2,74;;;;
2018-02-7,749.9,784.6,64;;;;
2018-02-7,750.1,785.1,74;;;;
2018-02-7,750.0,785.5,83;;;;
2018-02-7,749.8,785.5,81;;;;
2018-02-7,750.2,786.1,81;;;;
2018-02-7,750.4,786.2,81;;;;
2018-02-6,749.8,785.2,83;;;;
2018-02-6,749.2,784.6,79;;;;
2018-02-6,748.0,782.8,66;;;;
2018-02-6,748.0,783.4,81;;;;
2018-02-6,746.9,782.6,80;;;;
2018-02-6,745.7,781.3,81;;;;
2018-02-6,745.7,781.3,80;;;;
2018-02-6,745.8,781.1,83;;;;
2018-02-5,745.8,780.8,82;;;;
2018-02-5,745.3,780.2,78;;;;
2018-02-5,744.8,779.0,65;;;;
2018-02-5,745.3,780.1,77;;;;
2018-02-5,744.8,779.7,85;;;;
2018-02-5,744.7,780.1,82;;;;
2018-02-5,744.7,780.0,83;;;;
2018-02-5,744.4,779.1,87;;;;
2018-02-4,744.5,779.5,85;;;;
2018-02-4,744.3,778.6,80;;;;
2018-02-4,743.8,778.1,75;;;;
2018-02-4,744.0,778.6,81;;;;
2018-02-4,743.6,778.7,83;;;;
2018-02-4,742.6,777.5,84;;;;
2018-02-4,742.4,777.3,85;;;;
2018-02-4,742.1,776.9,84;;;;
2018-02-3,741.4,775.8,85;;;;
2018-02-3,740.2,774.2,81;;;;
2018-02-3,739.1,772.9,72;;;;
2018-02-3,738.7,772.4,56;;;;
2018-02-3,738.3,772.8,69;;;;
2018-02-3,737.3,771.8,66;;;;
2018-02-3,737.8,772.3,71;;;;
2018-02-3,737.5,772.0,65;;;;
2018-02-2,737.7,771.8,54;;;;
2018-02-2,737.8,771.9,54;;;;
2018-02-2,737.8,771.9,51;;;;
2018-02-2,738.7,773.2,55;;;;
2018-02-2,739.2,774.1,66;;;;
2018-02-2,739.3,774.5,71;;;;
2018-02-2,740.0,775.1,70;;;;
2018-02-2,740.7,775.6,70;;;;
2018-02-1,741.3,776.2,70;;;;
2018-02-1,741.6,776.6,69;;;;
2018-02-1,741.4,776.3,64;;;;
2018-02-1,741.2,776.5,70;;;;
2018-02-1,740.3,775.9,75;;;;
2018-02-1,739.4,774.8,74;;;;
2018-02-1,738.2,772.9,66;;;;
2018-02-1,738.1,772.9,67;;;;
2018-01-31,738.1,772.2,51;;;;
2018-01-31,738.6,772.6,50;;;;
2018-01-31,739.5,773.4,44;;;;
2018-01-31,740.5,774.7,41;;;;
2018-01-31,742.2,777.7,69;;;;
2018-01-31,743.5,778.6,61;;;;
2018-01-31,745.2,780.8,64;;;;
2018-01-31,746.7,782.5,60;;;;
2018-01-30,747.7,783.7,74;;;;
2018-01-30,748.2,783.8,59;;;;
2018-01-30,748.4,783.4,43;;;;
2018-01-30,748.8,784.7,59;;;;
2018-01-30,748.6,785.3,69;;;;
2018-01-30,748.0,784.7,73;;;;
2018-01-30,748.6,785.2,65;;;;
2018-01-30,749.0,785.3,64;;;;
2018-01-29,749.5,785.6,61;;;;
2018-01-29,749.6,785.4,58;;;;
2018-01-29,750.1,785.5,51;;;;
2018-01-29,751.0,787.0,57;;;;
2018-01-29,751.2,787.8,67;;;;
2018-01-29,751.4,788.0,73;;;;
2018-01-29,752.1,788.7,75;;;;
2018-01-29,753.0,789.6,77;;;;
2018-01-28,753.7,790.5,75;;;;
2018-01-28,753.9,790.6,76;;;;
2018-01-28,754.5,790.9,76;;;;
2018-01-28,755.5,792.5,74;;;;
2018-01-28,756.3,793.8,72;;;;
2018-01-28,756.7,794.4,72;;;;
2018-01-28,757.3,794.8,73;;;;
2018-01-28,758.1,795.4,75;;;;
2018-01-27,758.9,796.1,75;;;;
2018-01-27,758.9,795.9,75;;;;
2018-01-27,759.2,796.0,74;;;;
2018-01-27,759.7,797.0,70;;;;
2018-01-27,759.4,797.2,71;;;;
2018-01-27,758.9,796.9,71;;;;
2018-01-27,759.0,796.9,71;;;;
2018-01-27,758.6,796.4,71;;;;
2018-01-26,758.5,796.1,72;;;;
2018-01-26,758.2,795.6,73;;;;
2018-01-26,758.2,795.7,71;;;;
2018-01-26,758.5,796.3,70;;;;
2018-01-26,758.5,797.1,68;;;;
2018-01-26,758.2,796.7,68;;;;
2018-01-26,758.5,796.9,69;;;;
2018-01-26,758.5,796.9,70;;;;
2018-01-25,758.6,796.7,71;;;;
2018-01-25,758.1,796.0,68;;;;
2018-01-25,757.0,794.7,62;;;;
2018-01-25,756.5,794.3,69;;;;
2018-01-25,755.8,794.1,67;;;;
2018-01-25,754.6,793.0,67;;;;
2018-01-25,754.1,792.4,69;;;;
2018-01-25,754.2,792.1,63;;;;
2018-01-24,754.4,792.1,66;;;;
2018-01-24,754.3,791.8,60;;;;
2018-01-24,754.0,791.1,58;;;;
2018-01-24,754.3,791.8,68;;;;
2018-01-24,754.3,792.1,70;;;;
2018-01-24,754.2,792.4,69;;;;
2018-01-24,754.7,793.0,68;;;;
2018-01-24,755.2,793.3,67;;;;
2018-01-23,755.1,792.9,68;;;;
2018-01-23,755.1,792.9,65;;;;
2018-01-23,754.9,792.5,60;;;;
2018-01-23,755.2,793.3,65;;;;
2018-01-23,754.9,793.9,65;;;;
2018-01-23,753.9,792.8,65;;;;
2018-01-23,753.5,792.4,64;;;;
2018-01-23,753.0,791.9,64;;;;
2018-01-22,752.7,791.5,65;;;;
2018-01-22,751.5,789.9,64;;;;
2018-01-22,750.2,788.2,62;;;;
2018-01-22,749.8,787.9,64;;;;
2018-01-22,748.6,787.0,65;;;;
2018-01-22,748.0,786.1,65;;;;
2018-01-22,746.6,784.2,63;;;;
2018-01-22,746.2,783.4,65;;;;
2018-01-21,745.6,782.3,66;;;;
2018-01-21,744.6,780.7,69;;;;
2018-01-21,744.0,779.6,63;;;;
2018-01-21,744.4,780.1,71;;;;
2018-01-21,743.9,780.3,73;;;;
2018-01-21,743.6,779.7,77;;;;
2018-01-21,744.0,780.1,77;;;;
2018-01-21,743.8,779.7,78;;;;
2018-01-20,743.6,779.3,79;;;;
2018-01-20,743.8,779.4,72;;;;
2018-01-20,743.8,779.2,62;;;;
2018-01-20,743.7,779.4,68;;;;
2018-01-20,743.5,779.9,75;;;;
2018-01-20,743.4,779.6,75;;;;
2018-01-20,743.2,779.5,77;;;;
2018-01-20,742.8,778.6,73;;;;
2018-01-19,742.6,778.4,70;;;;
2018-01-19,742.3,777.5,64;;;;
2018-01-19,741.3,775.3,55;;;;
2018-01-19,741.3,775.7,54;;;;
2018-01-19,740.9,776.5,79;;;;
2018-01-19,740.8,776.4,79;;;;
2018-01-19,741.4,777.0,75;;;;
2018-01-19,741.8,777.1,64;;;;
2018-01-18,742.0,777.4,64;;;;
2018-01-18,742.3,777.3,55;;;;
2018-01-18,742.6,777.5,50;;;;
2018-01-18,742.9,778.5,63;;;;
2018-01-18,742.6,778.6,77;;;;
2018-01-18,742.7,778.6,78;;;;
2018-01-18,742.7,778.5,79;;;;
2018-01-18,742.8,778.6,79;;;;
2018-01-17,742.0,777.8,80;;;;
2018-01-17,741.7,777.2,77;;;;
2018-01-17,740.9,775.9,69;;;;
2018-01-17,741.0,775.9,74;;;;
2018-01-17,740.1,775.4,80;;;;
2018-01-17,739.6,775.0,79;;;;
2018-01-17,739.3,774.9,78;;;;
2018-01-17,739.8,775.5,78;;;;
2018-01-16,739.6,775.3,78;;;;
2018-01-16,739.8,775.4,76;;;;
2018-01-16,739.7,775.0,70;;;;
2018-01-16,740.2,775.9,75;;;;
2018-01-16,739.8,775.8,77;;;;
2018-01-16,739.7,775.6,77;;;;
2018-01-16,739.8,775.8,77;;;;
2018-01-16,740.0,776.2,75;;;;
2018-01-15,739.8,775.9,76;;;;
2018-01-15,739.9,775.7,77;;;;
2018-01-15,739.6,775.2,78;;;;
2018-01-15,739.6,775.2,78;;;;
2018-01-15,739.6,775.5,77;;;;
2018-01-15,739.9,775.9,76;;;;
2018-01-15,739.9,775.9,76;;;;
2018-01-15,740.8,776.8,76;;;;
2018-01-14,741.1,777.2,78;;;;
2018-01-14,739.9,775.9,76;;;;
2018-01-14,741.7,777.7,73;;;;
2018-01-14,742.1,778.5,74;;;;
2018-01-14,741.7,777.7,73;;;;
2018-01-14,741.2,778.1,73;;;;
2018-01-14,740.7,777.6,73;;;;
2018-01-14,739.9,776.6,74;;;;
2018-01-13,739.0,775.5,76;;;;
2018-01-13,737.8,773.9,75;;;;
2018-01-13,736.8,772.6,75;;;;
2018-01-13,736.7,772.5,77;;;;
2018-01-13,736.3,772.4,76;;;;
2018-01-13,736.2,771.9,78;;;;
2018-01-13,736.1,771.7,81;;;;
2018-01-13,736.0,771.4,81;;;;
2018-01-12,735.9,771.0,80;;;;
2018-01-12,735.7,770.5,79;;;;
2018-01-12,734.8,769.3,78;;;;
2018-01-12,733.9,768.1,78;;;;
2018-01-12,732.7,766.8,82;;;;
2018-01-12,732.2,766.3,82;;;;
2018-01-12,732.0,766.1,81;;;;
2018-01-12,731.6,765.7,83;;;;
2018-01-11,731.2,765.2,81;;;;
2018-01-11,730.2,764.2,83;;;;
2018-01-11,727.5,761.3,79;;;;
2018-01-11,723.7,757.1,84;;;;
2018-01-11,719.3,752.3,88;;;;
2018-01-11,720.3,753.3,85;;;;
2018-01-11,719.6,751.6,92;;;;
2018-01-11,722.8,754.8,86;;;;
2018-01-10,725.0,757.3,93;;;;
2018-01-10,727.2,759.5,95;;;;
2018-01-10,728.5,761.0,90;;;;
2018-01-10,730.0,762.5,88;;;;
2018-01-10,730.3,762.9,89;;;;
2018-01-10,730.7,763.5,89;;;;
2018-01-10,731.8,764.8,88;;;;
2018-01-10,733.0,766.2,88;;;;
2018-01-9,733.9,767.2,86;;;;
2018-01-9,734.8,768.1,86;;;;
2018-01-9,734.9,768.2,84;;;;
2018-01-9,735.1,768.5,84;;;;
2018-01-9,734.2,767.6,88;;;;
2018-01-9,733.7,767.2,86;;;;
2018-01-9,733.9,767.6,85;;;;
2018-01-9,735.0,769.5,76;;;;
2018-01-8,735.9,770.8,76;;;;
2018-01-8,736.5,771.2,71;;;;
2018-01-8,736.8,771.4,61;;;;
2018-01-8,738.1,772.7,56;;;;
2018-01-8,738.1,773.2,57;;;;
2018-01-8,738.5,773.5,58;;;;
2018-01-8,739.2,773.9,52;;;;
2018-01-8,739.9,774.7,52;;;;
2018-01-7,741.0,775.4,48;;;;
2018-01-7,741.7,776.2,45;;;;
2018-01-7,742.3,776.6,40;;;;
2018-01-7,743.0,777.7,42;;;;
2018-01-7,743.0,778.0,49;;;;
2018-01-7,743.4,778.3,48;;;;
2018-01-7,743.6,778.3,45;;;;
2018-01-7,743.9,778.4,41;;;;
2018-01-6,744.0,778.9,58;;;;
2018-01-6,744.2,778.9,51;;;;
2018-01-6,743.8,777.8,31;;;;
2018-01-6,744.3,778.6,34;;;;
2018-01-6,744.4,780.1,65;;;;
2018-01-6,744.5,779.7,50;;;;
2018-01-6,744.9,780.2,54;;;;
2018-01-6,745.0,780.4,71;;;;
2018-01-5,745.2,780.4,58;;;;
2018-01-5,745.5,780.6,54;;;;
2018-01-5,745.1,779.8,40;;;;
2018-01-5,745.5,780.1,40;;;;
2018-01-5,745.4,781.6,71;;;;
2018-01-5,745.4,781.5,73;;;;
2018-01-5,745.3,780.7,63;;;;
2018-01-5,745.6,781.6,69;;;;
2018-01-4,745.6,781.0,61;;;;
2018-01-4,745.5,780.5,52;;;;
2018-01-4,744.8,779.2,36;;;;
2018-01-4,744.7,779.3,49;;;;
2018-01-4,744.0,778.7,41;;;;
2018-01-4,743.6,778.3,40;;;;
2018-01-4,743.5,778.3,47;;;;
2018-01-4,743.3,778.0,52;;;;
2018-01-3,742.6,777.2,51;;;;
2018-01-3,742.7,777.4,49;;;;
2018-01-3,742.3,776.5,38;;;;
2018-01-3,742.5,776.8,39;;;;
2018-01-3,742.3,776.8,44;;;;
2018-01-3,742.6,777.1,43;;;;
2018-01-3,743.3,777.7,49;;;;
2018-01-3,743.5,777.7,45;;;;
2018-01-2,744.1,778.3,45;;;;
2018-01-2,744.8,778.9,44;;;;
2018-01-2,745.0,778.9,38;;;;
2018-01-2,745.8,780.0,40;;;;
2018-01-2,746.3,781.0,49;;;;
2018-01-2,746.3,781.0,51;;;;
2018-01-2,746.6,781.3,55;;;;
2018-01-2,746.9,781.5,55;;;;
2018-01-1,747.6,782.0,53;;;;
2018-01-1,748.0,782.2,54;;;;
2018-01-1,747.5,781.6,48;;;;
2018-01-1,748.0,782.4,55;;;;
2018-01-1,748.3,783.0,62;;;;
2018-01-1,748.5,783.1,62;;;;
2018-01-1,748.4,783.0,78;;;;
2018-01-1,748.7,783.2,79;;;;
